{
    "metadata":{
        "version":3,
        "normal":36,
        "type":"BufferGeometry",
        "generator":"io_three",
        "position":36
    },
    "data":{
        "attributes":{
            "normal":{
                "array":[-5.32907e-15,-1,2.98023e-08,-5.32907e-15,-1,2.98023e-08,-5.32907e-15,-1,2.98023e-08,2.84217e-14,1,-1.19209e-07,2.84217e-14,1,-1.19209e-07,2.84217e-14,1,-1.19209e-07,1,-2.38419e-07,7.10543e-15,1,-2.38419e-07,7.10543e-15,1,-2.38419e-07,7.10543e-15,-5.96046e-08,-2.98023e-07,1,-5.96046e-08,-2.98023e-07,1,-5.96046e-08,-2.98023e-07,1,-1,-1.49012e-07,-2.38419e-07,-1,-1.49012e-07,-2.38419e-07,-1,-1.49012e-07,-2.38419e-07,2.38419e-07,1.19209e-07,-1,2.38419e-07,1.19209e-07,-1,2.38419e-07,1.19209e-07,-1,-1.77636e-15,-1,2.98023e-08,-1.77636e-15,-1,2.98023e-08,-1.77636e-15,-1,2.98023e-08,6.39489e-14,1,-1.19209e-07,6.39489e-14,1,-1.19209e-07,6.39489e-14,1,-1.19209e-07,1,2.98023e-07,5.36442e-07,1,2.98023e-07,5.36442e-07,1,2.98023e-07,5.36442e-07,-5.36442e-07,1.78814e-07,1,-5.36442e-07,1.78814e-07,1,-5.36442e-07,1.78814e-07,1,-1,-1.19209e-07,-2.08616e-07,-1,-1.19209e-07,-2.08616e-07,-1,-1.19209e-07,-2.08616e-07,2.38419e-07,1.19209e-07,-1,2.38419e-07,1.19209e-07,-1,2.38419e-07,1.19209e-07,-1],
                "type":"Float32Array",
                "itemSize":3
            },
            "position":{
                "array":[1.77243,0.194946,-3.81161,-0.227567,0.194946,-1.81161,-0.227567,0.194946,-3.81161,-0.227567,2.19495,-3.81161,1.77243,2.19495,-1.81161,1.77243,2.19495,-3.81161,1.77243,2.19495,-3.81161,1.77243,0.194946,-1.81161,1.77243,0.194946,-3.81161,1.77243,2.19495,-1.81161,-0.227567,0.194946,-1.81161,1.77243,0.194946,-1.81161,-0.227567,0.194946,-1.81161,-0.227567,2.19495,-3.81161,-0.227567,0.194946,-3.81161,1.77243,0.194946,-3.81161,-0.227567,2.19495,-3.81161,1.77243,2.19495,-3.81161,1.77243,0.194946,-3.81161,1.77243,0.194946,-1.81161,-0.227567,0.194946,-1.81161,-0.227567,2.19495,-3.81161,-0.227567,2.19495,-1.81162,1.77243,2.19495,-1.81161,1.77243,2.19495,-3.81161,1.77243,2.19495,-1.81161,1.77243,0.194946,-1.81161,1.77243,2.19495,-1.81161,-0.227567,2.19495,-1.81162,-0.227567,0.194946,-1.81161,-0.227567,0.194946,-1.81161,-0.227567,2.19495,-1.81162,-0.227567,2.19495,-3.81161,1.77243,0.194946,-3.81161,-0.227567,0.194946,-3.81161,-0.227567,2.19495,-3.81161],
                "type":"Float32Array",
                "itemSize":3
            }
        },
        "index":{
            "array":[0,1,2,3,4,5,6,7,8,9,10,11,12,13,14,15,16,17,18,19,20,21,22,23,24,25,26,27,28,29,30,31,32,33,34,35],
            "type":"Uint16Array",
            "itemSize":1
        }
    }
}